-- MySQL dump 10.13  Distrib 8.0.34, for Linux (x86_64)
--
-- Host: localhost    Database: test
-- ------------------------------------------------------
-- Server version	8.0.34-0ubuntu0.22.04.1

/*!40101 SET @OLD_CHARACTER_SET_CLIENT=@@CHARACTER_SET_CLIENT */;
/*!40101 SET @OLD_CHARACTER_SET_RESULTS=@@CHARACTER_SET_RESULTS */;
/*!40101 SET @OLD_COLLATION_CONNECTION=@@COLLATION_CONNECTION */;
/*!50503 SET NAMES utf8mb4 */;
/*!40103 SET @OLD_TIME_ZONE=@@TIME_ZONE */;
/*!40103 SET TIME_ZONE='+00:00' */;
/*!40014 SET @OLD_UNIQUE_CHECKS=@@UNIQUE_CHECKS, UNIQUE_CHECKS=0 */;
/*!40014 SET @OLD_FOREIGN_KEY_CHECKS=@@FOREIGN_KEY_CHECKS, FOREIGN_KEY_CHECKS=0 */;
/*!40101 SET @OLD_SQL_MODE=@@SQL_MODE, SQL_MODE='NO_AUTO_VALUE_ON_ZERO' */;
/*!40111 SET @OLD_SQL_NOTES=@@SQL_NOTES, SQL_NOTES=0 */;

--
-- Table structure for table `alert`
--

DROP TABLE IF EXISTS `alert`;
/*!40101 SET @saved_cs_client     = @@character_set_client */;
/*!50503 SET character_set_client = utf8mb4 */;
CREATE TABLE `alert` (
  `submission_date` varchar(30) DEFAULT NULL,
  `id` varchar(20) DEFAULT NULL,
  `alert` varchar(20) DEFAULT NULL,
  `value` int DEFAULT NULL
) ENGINE=InnoDB DEFAULT CHARSET=utf8mb4 COLLATE=utf8mb4_0900_ai_ci;
/*!40101 SET character_set_client = @saved_cs_client */;

--
-- Dumping data for table `alert`
--

LOCK TABLES `alert` WRITE;
/*!40000 ALTER TABLE `alert` DISABLE KEYS */;
INSERT INTO `alert` VALUES ('2023-07-14 07:22:00','T1N3','high',NULL),('2023-07-14 07:22:00','T1N3','low',NULL),('2023-07-14 07:22:15','T1N3','low',NULL),('2023-07-14 07:22:15','T1N3','high',NULL),('2023-07-14 07:22:30','T1N3','high',NULL),('2023-07-14 07:22:30','T1N3','high',NULL),('2023-07-14 07:23:00','T1N3','high',NULL),('2023-07-14 07:23:00','T1N3','low',NULL),('2023-07-14 07:23:15','T1N3','low',NULL),('2023-07-15 07:11:37','T1N3','low',NULL),('2023-07-15 07:11:52','T1N3','high',NULL),('2023-07-15 07:11:52','T1N3','low',NULL),('2023-07-15 07:12:07','T1N3','high',NULL),('2023-07-15 07:12:07','T1N3','low',NULL),('2023-07-15 07:32:43','T1N3','low',NULL),('2023-07-15 07:32:58','T1N3','high',NULL),('2023-07-15 07:32:58','T1N3','low',NULL),('2023-07-15 07:33:13','T1N3','high',NULL),('2023-07-15 07:33:13','T1N3','low',NULL),('2023-07-18 01:11:33','T1N3','low',NULL),('2023-07-18 01:11:48','T1N3','high',NULL),('2023-07-18 01:11:48','T1N3','low',NULL),('2023-07-18 01:12:03','T1N3','high',NULL),('2023-07-18 01:12:03','T1N3','low',NULL),('2023-07-18 01:12:18','T1N3','high',NULL),('2023-07-18 01:12:18','T1N3','high',NULL),('2023-07-18 01:13:21','T1N3','low',NULL),('2023-07-18 01:13:36','T1N3','high',NULL),('2023-07-18 01:13:36','T1N3','low',NULL),('2023-07-18 01:13:51','T1N3','high',NULL),('2023-07-18 01:13:51','T1N3','low',NULL),('2023-07-18 01:30:54','T1N3','low',NULL),('2023-07-18 01:31:09','T1N3','high',NULL),('2023-07-18 01:31:09','T1N3','low',NULL),('2023-07-18 01:31:24','T1N3','high',NULL),('2023-07-18 01:31:24','T1N3','low',NULL),('2023-07-18 01:31:39','T1N3','high',NULL),('2023-07-18 01:31:39','T1N3','high',NULL),('2023-07-18 01:31:53','T1N3','high',NULL),('2023-07-18 01:31:53','T1N3','low',NULL),('2023-07-18 01:32:07','T1N3','low',NULL),('2023-07-18 01:32:07','T1N3','high',NULL),('2023-07-18 01:32:21','T1N3','high',NULL),('2023-07-18 01:32:21','T1N3','high',NULL),('2023-07-18 01:32:49','T1N3','high',NULL),('2023-07-18 01:32:49','T1N3','low',NULL),('2023-07-18 01:33:03','T1N3','low',NULL),('2023-07-18 01:33:17','T1N3','high',NULL),('2023-07-18 01:33:17','T1N3','low',NULL),('2023-07-18 01:33:31','T1N3','high',NULL),('2023-07-18 01:33:31','T1N3','low',NULL),('2023-07-18 01:34:27','T1N3','low',NULL),('2023-07-18 01:34:41','T1N3','high',NULL),('2023-07-18 01:34:41','T1N3','low',NULL),('2023-07-18 01:35:54','T1N3','low',NULL),('2023-07-18 01:36:17','T1N3','high',NULL),('2023-07-18 01:36:17','T1N3','low',NULL),('2023-07-18 01:36:19','T1N3','high',NULL),('2023-07-18 01:36:19','T1N3','low',NULL),('2023-07-18 01:36:33','T1N3','high',NULL),('2023-07-18 01:36:33','T1N3','low',NULL),('2023-07-18 01:36:45','T1N3','high',NULL),('2023-07-18 01:36:45','T1N3','high',NULL),('2023-07-18 01:36:47','T1N3','high',NULL),('2023-07-18 01:36:47','T1N3','high',NULL),('2023-07-18 01:37:06','T1N3','high',NULL),('2023-07-18 01:37:06','T1N3','high',NULL),('2023-07-18 01:37:06','T1N3','high',NULL),('2023-07-18 01:37:06','T1N3','high',NULL),('2023-07-18 01:37:19','T1N3','high',NULL),('2023-07-18 01:37:19','T1N3','low',NULL),('2023-07-18 01:37:20','T1N3','high',NULL),('2023-07-18 01:37:20','T1N3','low',NULL),('2023-07-18 01:38:24','T1N3','high',NULL),('2023-07-18 01:38:24','T1N3','low',NULL),('2023-07-18 01:38:45','T1N3','high',NULL),('2023-07-18 01:38:45','T1N3','low',NULL),('2023-07-19 01:20:21','T1N3','low',NULL),('2023-07-19 01:20:40','T1N3','low',NULL),('2023-07-19 01:20:55','T1N3','high',NULL),('2023-07-19 01:20:55','T1N3','low',NULL),('2023-07-19 01:21:10','T1N3','high',NULL),('2023-07-19 01:21:10','T1N3','low',NULL),('2023-07-28 05:46:24','T1N3','high',NULL),('2023-07-28 05:47:57','T1N3','high',NULL),('2023-07-28 05:47:57','T1N3','low',NULL),('2023-07-28 20:54:07','T1N2','high',NULL),('2023-07-28 20:57:23','T1N2','high',NULL),('2023-07-28 20:57:23','T1N2','high',NULL),('2023-07-28 20:57:53','T1N2','high',NULL),('2023-07-28 20:57:53','T1N2','low',NULL),('2023-07-28 20:58:08','T1N2','low',NULL),('2023-07-28 21:41:46','T1N2','low',NULL),('2023-07-28 21:42:01','T1N2','high',NULL),('2023-07-28 21:42:01','T1N2','low',NULL),('2023-07-28 21:42:16','T1N2','high',NULL),('2023-07-28 21:42:16','T1N2','low',NULL),('2023-07-28 21:42:31','T1N2','high',NULL),('2023-07-28 21:42:31','T1N2','high',NULL),('2023-07-28 21:42:46','T1N2','high',NULL),('2023-07-28 21:42:46','T1N2','low',NULL),('2023-07-28 21:43:01','T1N2','low',NULL),('2023-07-28 21:43:01','T1N2','high',NULL),('2023-07-31 23:46:27','T1N2','low',3),('2023-08-14 23:49:19','T1N2','low',3),('2023-08-14 23:49:34','T1N2','high',7),('2023-08-14 19:32:21','T1N2','high',7),('2023-08-14 19:32:21','T1N2','high',6),('2023-08-14 19:32:22','T1N2','high',7),('2023-08-14 19:32:22','T1N2','high',6),('2023-08-14 19:32:23','T1N2','high',6),('2023-08-14 19:32:23','T1N2','low',4),('2023-08-14 19:32:24','T1N2','high',6),('2023-08-14 19:32:24','T1N2','low',4),('2023-08-14 19:32:24','T1N2','low',3),('2023-08-14 19:32:25','T1N2','low',3),('2023-08-14 19:32:25','T1N2','high',7),('2023-08-14 19:32:25','T1N2','low',0),('2023-08-14 19:32:26','T1N2','high',7),('2023-08-14 19:32:39','T1N2','low',3),('2023-08-14 19:32:39','T1N2','high',9),('2023-08-14 19:32:39','T1N2','high',7),('2023-08-14 19:32:39','T1N2','high',6),('2023-08-14 19:32:40','T1N2','high',7),('2023-08-14 19:32:40','T1N2','high',6),('2023-08-14 19:33:06','T1N2','low',3),('2023-08-14 19:33:06','T1N2','high',9),('2023-08-14 19:33:06','T1N2','low',3),('2023-08-14 19:33:06','T1N2','high',9),('2023-08-14 19:33:07','T1N2','high',7),('2023-08-14 19:33:07','T1N2','high',6),('2023-08-14 19:33:07','T1N2','high',7),('2023-08-14 19:33:07','T1N2','high',6),('2023-08-14 19:33:09','T1N2','high',6),('2023-08-14 19:33:09','T1N2','low',4),('2023-08-14 19:33:09','T1N2','high',6),('2023-08-14 19:33:09','T1N2','low',4),('2023-08-14 19:33:10','T1N2','low',3),('2023-08-14 19:33:10','T1N2','low',3),('2023-08-14 19:33:11','T1N2','high',7),('2023-08-14 19:33:11','T1N2','low',0),('2023-08-14 19:33:11','T1N2','high',7),('2023-08-14 19:33:11','T1N2','low',0),('2023-08-14 19:33:12','T1N2','high',7),('2023-08-14 19:33:12','T1N2','low',2),('2023-08-14 19:33:13','T1N2','high',7),('2023-08-14 19:33:13','T1N2','low',2),('2023-08-14 19:33:34','T1N2','low',3),('2023-08-14 19:33:34','T1N2','high',9),('2023-08-14 19:33:34','T1N2','high',7),('2023-08-14 19:34:24','T1N2','low',3),('2023-08-14 19:34:25','T1N2','high',7),('2023-08-14 19:34:25','T1N2','low',0),('2023-08-14 19:34:26','T1N2','high',7),('2023-08-14 19:34:26','T1N2','low',2),('2023-08-14 19:34:27','T1N2','high',6),('2023-08-14 19:34:27','T1N2','high',7),('2023-08-14 19:34:28','T1N2','high',6),('2023-08-14 19:34:28','T1N2','low',0),('2023-08-14 19:34:29','T1N2','low',3),('2023-08-14 19:34:29','T1N2','high',9),('2023-08-14 19:34:30','T1N2','high',7),('2023-08-14 19:34:30','T1N2','high',6),('2023-08-14 19:34:32','T1N2','high',6),('2023-08-14 19:34:32','T1N2','low',4),('2023-08-14 19:34:33','T1N2','low',3),('2023-08-14 19:34:34','T1N2','high',7),('2023-08-14 19:34:34','T1N2','low',0),('2023-08-14 19:34:35','T1N2','high',7),('2023-08-14 19:34:35','T1N2','low',2),('2023-08-14 19:34:36','T1N2','high',6),('2023-08-14 19:34:36','T1N2','high',7),('2023-08-14 19:34:37','T1N2','high',6),('2023-08-14 19:34:37','T1N2','low',0),('2023-08-14 19:34:38','T1N2','low',3),('2023-08-14 19:34:38','T1N2','high',9),('2023-08-14 19:34:39','T1N2','high',7),('2023-08-14 19:34:39','T1N2','high',6),('2023-08-14 19:34:41','T1N2','high',6),('2023-08-14 19:34:41','T1N2','low',4),('2023-08-14 19:34:42','T1N2','low',3),('2023-08-14 19:34:43','T1N2','high',7),('2023-08-14 19:34:43','T1N2','low',0),('2023-08-14 19:34:44','T1N2','high',7),('2023-08-14 19:34:44','T1N2','low',2),('2023-08-14 19:34:45','T1N2','high',6),('2023-08-14 19:34:45','T1N2','high',7),('2023-08-14 19:34:46','T1N2','high',6),('2023-08-14 19:34:46','T1N2','low',0),('2023-08-14 19:34:47','T1N2','low',3),('2023-08-14 19:34:47','T1N2','high',9),('2023-08-14 19:34:48','T1N2','high',7),('2023-08-14 19:34:48','T1N2','high',6),('2023-08-14 19:34:50','T1N2','high',6),('2023-08-14 19:34:50','T1N2','low',4),('2023-08-14 19:34:51','T1N2','low',3),('2023-08-14 19:34:52','T1N2','high',7),('2023-08-14 19:34:52','T1N2','low',0),('2023-08-14 19:34:53','T1N2','high',7),('2023-08-14 19:34:53','T1N2','low',2),('2023-08-14 19:34:54','T1N2','high',6),('2023-08-14 19:34:54','T1N2','high',7),('2023-08-14 19:34:55','T1N2','high',6),('2023-08-14 19:34:55','T1N2','low',0),('2023-08-14 19:34:56','T1N2','low',3),('2023-08-14 19:34:56','T1N2','high',9),('2023-08-14 19:34:57','T1N2','high',7),('2023-08-14 19:34:57','T1N2','high',6),('2023-08-14 19:34:59','T1N2','high',6),('2023-08-14 19:34:59','T1N2','low',4),('2023-08-14 19:35:00','T1N2','low',3),('2023-08-14 19:35:01','T1N2','high',7),('2023-08-14 19:35:01','T1N2','low',0),('2023-08-14 19:35:02','T1N2','high',7),('2023-08-14 19:35:02','T1N2','low',2),('2023-08-14 19:35:03','T1N2','high',6),('2023-08-14 19:35:03','T1N2','high',7),('2023-08-15 16:45:28','T1N3','high',6),('2023-08-15 16:45:28','T1N3','high',7),('2023-08-15 16:45:29','T1N3','high',6),('2023-08-15 16:45:29','T1N3','low',0),('2023-08-15 16:45:30','T1N3','low',3),('2023-08-15 16:45:30','T1N3','high',9),('2023-08-15 16:45:31','T1N3','high',7),('2023-08-15 16:45:31','T1N3','high',6),('2023-08-15 16:45:33','T1N3','high',6),('2023-08-15 16:45:33','T1N3','low',4),('2023-08-15 16:45:34','T1N3','low',3),('2023-08-15 16:45:35','T1N3','high',7),('2023-08-15 16:45:35','T1N3','low',0),('2023-08-15 16:45:36','T1N3','high',7),('2023-08-15 16:45:36','T1N3','low',2),('2023-08-15 16:45:37','T1N3','high',6),('2023-08-15 16:45:37','T1N3','high',7),('2023-08-15 16:45:38','T1N3','high',6),('2023-08-15 16:45:38','T1N3','low',0),('2023-08-15 16:45:39','T1N3','low',3),('2023-08-15 16:45:39','T1N3','high',9),('2023-08-15 16:45:40','T1N3','high',7),('2023-08-15 16:45:40','T1N3','high',6),('2023-08-15 16:45:42','T1N3','high',6),('2023-08-15 16:45:42','T1N3','low',4),('2023-08-15 16:45:43','T1N3','low',3),('2023-08-15 16:45:44','T1N3','high',7),('2023-08-15 16:45:44','T1N3','low',0),('2023-08-15 16:45:45','T1N3','high',7),('2023-08-15 16:45:45','T1N3','low',2),('2023-08-15 16:45:46','T1N3','high',6),('2023-08-15 16:45:46','T1N3','high',7),('2023-08-15 16:45:47','T1N3','high',6),('2023-08-15 16:45:47','T1N3','low',0),('2023-08-15 16:45:48','T1N3','low',3),('2023-08-15 16:45:48','T1N3','high',9),('2023-08-15 16:45:49','T1N3','high',7),('2023-08-15 16:45:49','T1N3','high',6),('2023-08-15 16:45:51','T1N3','high',6),('2023-08-15 16:45:51','T1N3','low',4),('2023-08-15 16:45:52','T1N3','low',3),('2023-08-15 16:45:53','T1N3','high',7),('2023-08-15 16:45:53','T1N3','low',0),('2023-08-15 16:45:54','T1N3','high',7),('2023-08-15 16:45:54','T1N3','low',2),('2023-08-15 16:45:55','T1N3','high',6),('2023-08-15 16:45:55','T1N3','high',7),('2023-08-15 16:45:56','T1N3','high',6),('2023-08-15 16:45:56','T1N3','low',0),('2023-08-15 16:45:57','T1N3','low',3),('2023-08-15 16:45:57','T1N3','high',9),('2023-08-15 16:45:58','T1N3','high',7),('2023-08-15 16:45:58','T1N3','high',6),('2023-08-15 16:46:00','T1N3','high',6),('2023-08-15 16:46:00','T1N3','low',4),('2023-08-15 16:46:01','T1N3','low',3),('2023-08-15 16:46:02','T1N3','high',7),('2023-08-15 16:46:02','T1N3','low',0),('2023-08-15 16:46:03','T1N3','high',7),('2023-08-15 16:46:03','T1N3','low',2),('2023-08-15 16:46:04','T1N3','high',6),('2023-08-15 16:46:04','T1N3','high',7),('2023-08-15 16:46:05','T1N3','high',6),('2023-08-15 16:46:05','T1N3','low',0),('2023-08-15 16:46:06','T1N3','low',3),('2023-08-15 16:46:06','T1N3','high',9),('2023-08-15 16:46:07','T1N3','high',7),('2023-08-15 16:46:07','T1N3','high',6),('2023-08-15 16:46:09','T1N3','high',6),('2023-08-15 16:46:09','T1N3','low',4),('2023-08-15 16:46:10','T1N3','low',3),('2023-08-15 16:46:11','T1N3','high',7),('2023-08-15 16:46:11','T1N3','low',0),('2023-08-15 16:46:12','T1N3','high',7),('2023-08-15 16:46:12','T1N3','low',2),('2023-08-15 16:46:13','T1N3','high',6),('2023-08-15 16:46:13','T1N3','high',7),('2023-08-15 16:46:14','T1N3','high',6),('2023-08-15 16:46:14','T1N3','low',0),('2023-08-15 16:46:15','T1N3','low',3),('2023-08-15 16:46:15','T1N3','high',9),('2023-08-15 16:46:16','T1N3','high',7),('2023-08-15 16:46:16','T1N3','high',6),('2023-08-15 16:46:18','T1N3','high',6),('2023-08-15 16:46:18','T1N3','low',4),('2023-08-15 16:46:19','T1N3','low',3),('2023-08-15 16:46:20','T1N3','high',7),('2023-08-15 16:46:20','T1N3','low',0),('2023-08-15 16:46:21','T1N3','high',7),('2023-08-15 16:46:21','T1N3','low',2);
/*!40000 ALTER TABLE `alert` ENABLE KEYS */;
UNLOCK TABLES;

--
-- Table structure for table `alert_method`
--

DROP TABLE IF EXISTS `alert_method`;
/*!40101 SET @saved_cs_client     = @@character_set_client */;
/*!50503 SET character_set_client = utf8mb4 */;
CREATE TABLE `alert_method` (
  `id` varchar(20) NOT NULL,
  `sms` tinyint(1) DEFAULT NULL,
  `email` tinyint(1) DEFAULT NULL,
  PRIMARY KEY (`id`)
) ENGINE=InnoDB DEFAULT CHARSET=utf8mb4 COLLATE=utf8mb4_0900_ai_ci;
/*!40101 SET character_set_client = @saved_cs_client */;

--
-- Dumping data for table `alert_method`
--

LOCK TABLES `alert_method` WRITE;
/*!40000 ALTER TABLE `alert_method` DISABLE KEYS */;
INSERT INTO `alert_method` VALUES ('T1N2',0,1),('T1N3',0,1);
/*!40000 ALTER TABLE `alert_method` ENABLE KEYS */;
UNLOCK TABLES;

--
-- Table structure for table `detection`
--

DROP TABLE IF EXISTS `detection`;
/*!40101 SET @saved_cs_client     = @@character_set_client */;
/*!50503 SET character_set_client = utf8mb4 */;
CREATE TABLE `detection` (
  `id` varchar(20) DEFAULT NULL,
  `gas` varchar(20) DEFAULT NULL,
  `max` int DEFAULT NULL,
  `min` int DEFAULT NULL
) ENGINE=InnoDB DEFAULT CHARSET=utf8mb4 COLLATE=utf8mb4_0900_ai_ci;
/*!40101 SET character_set_client = @saved_cs_client */;

--
-- Dumping data for table `detection`
--

LOCK TABLES `detection` WRITE;
/*!40000 ALTER TABLE `detection` DISABLE KEYS */;
INSERT INTO `detection` VALUES ('T1N5','NO2',5,3),('T1N5','CO2',5,3),('T1N4','NO2',5,3),('T1N4','CO2',5,3),('T1N3','NO2',5,3),('T1N3','CO2',5,3),('T1N2','NO2',5,3),('T1N2','CO2',5,3);
/*!40000 ALTER TABLE `detection` ENABLE KEYS */;
UNLOCK TABLES;

--
-- Table structure for table `edge`
--

DROP TABLE IF EXISTS `edge`;
/*!40101 SET @saved_cs_client     = @@character_set_client */;
/*!50503 SET character_set_client = utf8mb4 */;
CREATE TABLE `edge` (
  `mac` varchar(30) DEFAULT NULL,
  `tunnel_id` int NOT NULL AUTO_INCREMENT,
  PRIMARY KEY (`tunnel_id`)
) ENGINE=InnoDB AUTO_INCREMENT=3 DEFAULT CHARSET=utf8mb4 COLLATE=utf8mb4_0900_ai_ci;
/*!40101 SET character_set_client = @saved_cs_client */;

--
-- Dumping data for table `edge`
--

LOCK TABLES `edge` WRITE;
/*!40000 ALTER TABLE `edge` DISABLE KEYS */;
INSERT INTO `edge` VALUES ('e4:5f:01:ff:0d:d2',1);
/*!40000 ALTER TABLE `edge` ENABLE KEYS */;
UNLOCK TABLES;

--
-- Table structure for table `nodeT1N2`
--

DROP TABLE IF EXISTS `nodeT1N2`;
/*!40101 SET @saved_cs_client     = @@character_set_client */;
/*!50503 SET character_set_client = utf8mb4 */;
CREATE TABLE `nodeT1N2` (
  `submission_date` varchar(40) DEFAULT NULL,
  `NO2` int DEFAULT NULL,
  `CO2` int DEFAULT NULL
) ENGINE=InnoDB DEFAULT CHARSET=utf8mb4 COLLATE=utf8mb4_0900_ai_ci;
/*!40101 SET character_set_client = @saved_cs_client */;

--
-- Dumping data for table `nodeT1N2`
--

LOCK TABLES `nodeT1N2` WRITE;
/*!40000 ALTER TABLE `nodeT1N2` DISABLE KEYS */;
INSERT INTO `nodeT1N2` VALUES ('2023-09-12 14:59:02',5,3),('2023-09-12 15:18:06',5,3),('2023-09-12 15:18:21',7,0),('2023-09-12 15:18:36',7,2),('2023-09-12 15:20:33',5,3),('2023-09-12 15:23:58',5,3),('2023-09-12 15:24:13',7,0),('2023-09-12 15:24:28',7,2),('2023-09-12 15:24:43',6,7),('2023-09-12 15:24:58',6,0),('2023-09-12 15:26:59',6,7),('2023-09-12 15:27:14',6,0),('2023-09-12 15:27:23',5,3),('2023-09-12 15:27:29',3,9),('2023-09-12 15:27:38',7,0),('2023-09-12 15:27:44',7,6),('2023-09-12 15:35:21',5,3),('2023-09-12 19:01:03',5,3),('2023-09-12 19:01:18',7,0),('2023-09-12 19:01:33',7,2),('2023-09-12 19:01:48',6,7),('2023-09-12 19:02:03',6,0),('2023-09-12 19:02:18',3,9),('2023-09-12 19:07:08',5,3),('2023-09-12 19:07:23',7,0),('2023-09-12 19:07:38',7,2),('2023-09-12 19:07:53',6,7),('2023-09-12 19:08:08',6,0),('2023-09-12 19:08:23',3,9),('2023-09-12 19:08:38',7,6),('2023-09-12 19:08:53',5,5),('2023-09-12 19:09:08',6,4),('2023-09-12 19:09:23',5,3),('2023-09-12 19:09:38',7,0),('2023-09-12 19:09:53',7,2),('2023-09-12 19:10:08',6,7),('2023-09-12 19:10:23',6,0),('2023-09-13 17:16:54',5,3),('2023-09-13 17:17:09',7,0);
/*!40000 ALTER TABLE `nodeT1N2` ENABLE KEYS */;
UNLOCK TABLES;

--
-- Table structure for table `nodeT1N3`
--

DROP TABLE IF EXISTS `nodeT1N3`;
/*!40101 SET @saved_cs_client     = @@character_set_client */;
/*!50503 SET character_set_client = utf8mb4 */;
CREATE TABLE `nodeT1N3` (
  `submission_date` varchar(40) DEFAULT NULL,
  `NO2` int DEFAULT NULL,
  `CO2` int DEFAULT NULL
) ENGINE=InnoDB DEFAULT CHARSET=utf8mb4 COLLATE=utf8mb4_0900_ai_ci;
/*!40101 SET character_set_client = @saved_cs_client */;

--
-- Dumping data for table `nodeT1N3`
--

LOCK TABLES `nodeT1N3` WRITE;
/*!40000 ALTER TABLE `nodeT1N3` DISABLE KEYS */;
INSERT INTO `nodeT1N3` VALUES ('2023-08-15 17:13:40',5,3),('2023-08-15 17:13:41',7,0),('2023-08-15 17:13:42',7,2),('2023-08-15 17:13:43',6,7),('2023-08-15 17:13:44',6,0),('2023-08-15 17:13:45',3,9),('2023-08-15 17:13:46',7,6),('2023-08-15 17:13:47',5,5),('2023-08-15 17:13:48',6,4),('2023-08-15 17:13:49',5,3),('2023-08-15 17:13:50',7,0),('2023-08-15 17:13:51',7,2),('2023-08-15 17:13:52',6,7),('2023-08-15 17:13:53',6,0),('2023-08-15 17:13:54',3,9),('2023-08-15 17:13:55',7,6),('2023-08-15 17:13:56',5,5),('2023-08-15 17:13:57',6,4),('2023-08-15 17:13:58',5,3),('2023-08-15 17:13:59',7,0),('2023-08-15 17:14:00',7,2),('2023-08-15 17:14:01',6,7),('2023-08-15 17:14:02',6,0),('2023-08-15 17:14:03',3,9),('2023-08-15 17:14:04',7,6),('2023-08-15 17:14:05',5,5),('2023-08-15 17:14:06',6,4),('2023-08-15 17:14:07',5,3),('2023-08-15 17:14:08',7,0),('2023-08-15 17:14:09',7,2),('2023-08-15 17:14:10',6,7),('2023-08-15 17:14:11',6,0),('2023-08-15 17:14:12',3,9),('2023-08-15 17:14:13',7,6),('2023-08-15 17:14:14',5,5),('2023-08-15 17:14:15',6,4),('2023-08-15 17:14:16',5,3),('2023-08-15 17:14:17',7,0),('2023-08-15 17:14:18',7,2),('2023-08-21 01:34:56',5,3),('2023-08-21 01:35:11',7,0),('2023-08-21 01:41:46',5,3),('2023-08-21 01:42:01',7,0),('2023-08-21 01:50:16',5,3),('2023-08-21 01:50:31',7,0),('2023-08-21 01:50:46',7,2),('2023-08-21 01:51:01',6,7),('2023-08-21 01:58:28',5,3),('2023-08-21 01:58:51',5,3),('2023-08-21 01:59:06',7,0),('2023-08-21 02:11:46',5,3),('2023-08-21 02:41:26',5,3),('2023-08-21 02:49:38',5,3),('2023-08-21 20:04:06',5,3),('2023-08-21 20:04:21',7,0),('2023-08-21 20:04:44',5,3),('2023-08-21 20:05:44',5,3),('2023-08-21 20:06:35',5,3),('2023-08-21 20:06:50',5,3),('2023-08-21 20:07:13',5,3),('2023-08-21 20:07:21',5,3);
/*!40000 ALTER TABLE `nodeT1N3` ENABLE KEYS */;
UNLOCK TABLES;

--
-- Table structure for table `nodeT1N5`
--

DROP TABLE IF EXISTS `nodeT1N5`;
/*!40101 SET @saved_cs_client     = @@character_set_client */;
/*!50503 SET character_set_client = utf8mb4 */;
CREATE TABLE `nodeT1N5` (
  `submission_date` varchar(40) DEFAULT NULL,
  `NO2` int DEFAULT NULL,
  `CO2` int DEFAULT NULL
) ENGINE=InnoDB DEFAULT CHARSET=utf8mb4 COLLATE=utf8mb4_0900_ai_ci;
/*!40101 SET character_set_client = @saved_cs_client */;

--
-- Dumping data for table `nodeT1N5`
--

LOCK TABLES `nodeT1N5` WRITE;
/*!40000 ALTER TABLE `nodeT1N5` DISABLE KEYS */;
INSERT INTO `nodeT1N5` VALUES ('2023-08-15 17:13:52',5,3),('2023-08-15 17:13:53',7,0),('2023-08-15 17:13:54',7,2),('2023-08-15 17:13:55',6,7),('2023-08-15 17:13:56',6,0),('2023-08-15 17:13:57',3,9),('2023-08-15 17:13:58',7,6),('2023-08-15 17:13:59',5,5),('2023-08-15 17:14:00',6,4),('2023-08-15 17:14:01',5,3),('2023-08-15 17:14:02',7,0),('2023-08-15 17:14:03',7,2),('2023-08-15 17:14:04',6,7),('2023-08-15 17:14:05',6,0),('2023-08-15 17:14:06',3,9),('2023-08-15 17:14:07',7,6),('2023-08-15 17:14:08',5,5),('2023-08-15 17:14:09',6,4),('2023-08-15 17:14:10',5,3),('2023-08-15 17:14:11',7,0),('2023-08-15 17:14:12',7,2),('2023-08-15 17:14:13',6,7),('2023-08-15 17:14:14',6,0),('2023-08-15 17:14:15',3,9),('2023-08-15 17:14:16',7,6),('2023-08-15 17:14:17',5,5);
/*!40000 ALTER TABLE `nodeT1N5` ENABLE KEYS */;
UNLOCK TABLES;

--
-- Table structure for table `nodes`
--

DROP TABLE IF EXISTS `nodes`;
/*!40101 SET @saved_cs_client     = @@character_set_client */;
/*!50503 SET character_set_client = utf8mb4 */;
CREATE TABLE `nodes` (
  `id` varchar(20) DEFAULT NULL,
  `ip` varchar(30) NOT NULL,
  `topic` varchar(30) NOT NULL,
  `time` int NOT NULL
) ENGINE=InnoDB DEFAULT CHARSET=utf8mb4 COLLATE=utf8mb4_0900_ai_ci;
/*!40101 SET character_set_client = @saved_cs_client */;

--
-- Dumping data for table `nodes`
--

LOCK TABLES `nodes` WRITE;
/*!40000 ALTER TABLE `nodes` DISABLE KEYS */;
INSERT INTO `nodes` VALUES ('3','20.0.0.3','node3',15),('T1N3','20.0.0.3','nodeT1N3',15),('T1N5','20.1.0.5','nodeT1N5',1),('T1N2','20.1.0.2','nodeT1N2',15);
/*!40000 ALTER TABLE `nodes` ENABLE KEYS */;
UNLOCK TABLES;
/*!40103 SET TIME_ZONE=@OLD_TIME_ZONE */;

/*!40101 SET SQL_MODE=@OLD_SQL_MODE */;
/*!40014 SET FOREIGN_KEY_CHECKS=@OLD_FOREIGN_KEY_CHECKS */;
/*!40014 SET UNIQUE_CHECKS=@OLD_UNIQUE_CHECKS */;
/*!40101 SET CHARACTER_SET_CLIENT=@OLD_CHARACTER_SET_CLIENT */;
/*!40101 SET CHARACTER_SET_RESULTS=@OLD_CHARACTER_SET_RESULTS */;
/*!40101 SET COLLATION_CONNECTION=@OLD_COLLATION_CONNECTION */;
/*!40111 SET SQL_NOTES=@OLD_SQL_NOTES */;

-- Dump completed on 2023-09-13 21:40:52
